web-scraper-order,web-scraper-start-url,product_link,product_link-href,image_1,image_1-href,image_2,image_2-href,image_3,image_3-href,prix,marque,taille,etat,couleur,emplacement,titre,description,categorie,nom
"1579795592-39","https://www.vinted.fr/hommes?page=37","","https://www.vinted.fr/hommes/parkas/399072780-parka-tres-epaisse-von-dutch","","https://images.vinted.net/thumbs/f800/05975_aLfJkJzrFEB2DAk9uqpCBtxW.jpeg?1579705259-42ee49eb751438b25171ca585eaf30384e4b19d0","","https://images.vinted.net/thumbs/f800/0691d_JxZTyACPJV5hqV8uYcfEpsym.jpeg?1579705259-fef2892638a637d07995be87cf1719d3f245792e","","https://images.vinted.net/thumbs/f800/067a8_injWnjaWw6vTYpGYWSwkQg6L.jpeg?1579705259-eabb0e638429b63234e80287d8f3842ff4a46bc5","43,00 €","von dutch","S","Très bon état","kaki","Thorey-Lyautey, France","Parka très épaisse Von Dutch","Belle parka doublure qui peut se retirer et chaude, capuche amovible marque Von Dutch","Manteaux et vestes","Parka très épaisse Von Dutch"
"1579795578-34","https://www.vinted.fr/hommes?page=39","","https://www.vinted.fr/hommes/bottines/392789095-bottines-en-cuir-noir-homme-superdry-taille-41","","https://images.vinted.net/thumbs/f800/05143_6jWFcgmDySqwYYEu223Yu7HL.jpeg?1579531925-37546b0ebae5d429feb326cbe14316637230236b","","https://images.vinted.net/thumbs/f800/04e32_n6BqnZ6ysfsFScJ3rDL66XPv.jpeg?1579531925-e665b5b7336e3770f642c06407fe93b3d9d8411a","","https://images.vinted.net/thumbs/f800/062c2_X7phnTB6p8UJqcsMvRNUoE75.jpeg?1579531925-237531d974f946e993c23718210530230342a47f","69,00 €","Superdry","41","Neuf, avec étiquette","noir","France","Bottines en cuir noir Homme Superdry taille 41","Bottines en cuir noir Homme Superdry taille 41 
Neuf avec étiquette 

Bottine homme neuve Superdry Taille 41 -

Produit neuf avec étiquette, vendu dans sa boite d'origine. 
Disponible aussi en marron taille 41 voir dans mon dressing.

Envoi du colis sous 24h après achat du lundi au vendredi.

MATIÈRE ET ENTRETIEN
Dessus / Tige: Cuir
Doublure: Imitation cuir / textile
Semelle de propreté: Textile
Semelle d'usure: Matière synthétique
Épaisseur de la doublure: Doublure protégeant du froid

DÉTAILS DU PRODUIT
Bout de la chaussure: Rond
Fermeture: Laçage

#boots #bottines #botte #homme #marron #brogueboots #homme #cuir #luxe","Chaussures","Bottines en cuir noir Homme Superdry taille 41"
"1579795508-9","https://www.vinted.fr/hommes?page=47","","https://www.vinted.fr/hommes/sneakers-and-converses/399839419-margiela-paris-designer-schoenen-maat-42","","https://images.vinted.net/thumbs/f800/06669_re8w16dXKDxSU9u8r85cxDcm.jpeg?1579791110-5bcb9a6685842cc049d4de062548a8af71b5440f","","https://images.vinted.net/thumbs/f800/06b35_2DgrTeqAjRMaYShbNtCxizn8.jpeg?1579791110-1514b738d9dd43916d9b415a3eac5062481ca608","","https://images.vinted.net/thumbs/f800/054b8_5F7WYZHSMv7FnAE27eEy1r9C.jpeg?1579791110-215464d08c154710bb0a94e6302a0cf008482f1c","70,00 €","Maison Martin Margiela","42","Neuf","blanc","Nederland","Margiela paris designer schoenen maat 42","margiela schoenen bijna nooit gedragen in verband met de maat.  Het is te klein voor mij. beetje gebruikers sporen maar ziet er nieuw uit.","Chaussures","Margiela paris designer schoenen maat 42"
"1579795489-2","https://www.vinted.fr/hommes?page=49","","https://www.vinted.fr/hommes/vestes-en-cuir/312892776-veste-cuir-noire","","https://images.vinted.net/thumbs/f800/02cc7_oursPrmtSgGEFSWhoXdmKLdF.jpeg?1570475654-5287b68d37cf6c64c56e959be723551cf7098a07","","https://images.vinted.net/thumbs/f800/027fd_ghVLpe5cdXJDWCwiacCnVHW7.jpeg?1570475654-f24e2b4515376b9e05744757119bec6b9984fbf5","","https://images.vinted.net/thumbs/f800/03d73_Gh5gRXpKchgw5XuqEMoW61p1.jpeg?1570475654-867c5f842edf26e0fde7da7e5292fb87efb4bba4","89,00 €","oakwood","XXL","Neuf","noir","Villers-sur-Coudun, France","Veste cuir noire","veste cuir noire jamais portée 
valeur achat 280€","Manteaux et vestes","Veste cuir noire"
"1579795584-36","https://www.vinted.fr/hommes?page=38","","https://www.vinted.fr/hommes/sneakers-and-converses/381080078-nike-air-span-ii-41","","https://images.vinted.net/thumbs/f800/05302_8vNQ4nkXeET8K4wfKx86yUF4.jpeg?1577806340-09ab8a6f25e71125a7f90ccd956a46822cfa60a9","","https://images.vinted.net/thumbs/f800/069b9_bBVDokD9k83dN5h4KKYSpEHr.jpeg?1577806340-da2cb463d0c5bf01373369b3153da5acac47b380","","https://images.vinted.net/thumbs/f800/06384_9VvhqhWZeNHFJ8BmbtYxYfki.jpeg?1577806340-f715447130f1495216804d17f405c912fbaf8252","35,00 €","Nike","41","Très bon état","blanc, turquoise","Toulouse, France","Nike Air Span II 41","Nike Air Span II 41

Excellent état, porté quelques fois puis rangé au fond du placard.
Indémodable, classique
Occasion à saisir","Chaussures","Nike Air Span II 41"
"1579795511-10","https://www.vinted.fr/hommes?page=47","","https://www.vinted.fr/hommes/chemises-a-motifs/399378239-ensemble-short-tee-shirt-a-fleur","","https://images.vinted.net/thumbs/f800/050de_f9vXerPHDhhDBPPfZf72Hy1n.jpeg?1579724136-52b4034d7c7a3d0a2a314d2565f4662cb4099a60","","https://images.vinted.net/thumbs/f800/0572b_rMg7NiqafEWavRbPWNjiBMpK.jpeg?1579724136-92b7aa04489cfc722bb694046f7b23da1034aee3","","https://images.vinted.net/thumbs/f800/06244_SmMh3A8sbEjJnx3TS8byRa2W.jpeg?1579724136-7573ea8d94b6e63f860707d04412a3a512d8fc08","25,00 €","Fashion Nova","XXL","Neuf, avec étiquette","rouge, vert","Sevran, France","Ensemble short tee shirt a fleur","Ensemble short et tee shirt logo a fleuri jamais porté de la taille XXL mais taille un peu petit.","Hauts & Tee-shirts","Ensemble short tee shirt a fleur"
"1579795620-49","https://www.vinted.fr/hommes?page=34","","https://www.vinted.fr/hommes/vestes-legeres/338261516-veste-lacoste-club-vintage-annees-80-made-in-france-taille-xs-xss-comme-neuf-rare","","https://images.vinted.net/thumbs/f800/06bcf_AX3Si9EAvqAacBPoS7NhLeuu.jpeg?1572785127-22383a0c0d99bed6c6ce71ccd7aef3682c298b2a","","https://images.vinted.net/thumbs/f800/058cd_2MX2Ber1v5rthi3TxB26krVr.jpeg?1572785127-024d06a34ee670f666e9be6c16238e5198d8e112","","https://images.vinted.net/thumbs/f800/058c2_CFGwcYiJ4QeSYN6WvPnwmMxr.jpeg?1572785127-b25b667a975e0aeee053913bf79fd3bb9e87faa6","88,00 €","Lacoste","XS","Très bon état","vert, marine","Paris, France","Veste Lacoste Club Vintage Années 80 Made in France Taille XS (XS/S) Comme Neuf RARE.","Inscrit Taille junior 162cm sur l'étiquette mais taille comme XS (XS/S). Voir photo portée sachant que je mesure 1m68.
Veste légère.
Avec poches sur les côtés.
Logo entièrement brodé en relief sur la poitrine.
Made in France.
Comme Neuf
Collector.
Rare.","Manteaux et vestes","Veste Lacoste Club Vintage Années 80 Made in France Taille XS (XS/S) Comme Neuf RARE."
"1579795498-5","https://www.vinted.fr/hommes?page=48","","https://www.vinted.fr/hommes/manteaux-et-vestes-autres/331341805-manteau-veste-parka-homme-laine-et-cachemire-burton","","https://images.vinted.net/thumbs/f800/04efb_WC7wk5eSF5T2mKe5rUPZybYD.jpeg?1577635597-d1ccc9fb518367ad141869c9abff902281e7b93c","","https://images.vinted.net/thumbs/f800/072ee_vm8hRLYg7DGaEM5cAeA6Xnwg.jpeg?1577635597-805a509eaa52cfba928357f8df0a0bb1e31bc3f8","","https://images.vinted.net/thumbs/f800/04e85_aan8qePkt1Wr3QYuWmtRexVo.jpeg?1577635597-9429bcf0a9dcc626ad994a7b4a80b2ed65e14f1a","75,00 €","Burton","XXL","Très bon état","noir","Othis, France","Manteau / Veste / Parka homme laine et Cachemire Burton","Manteau Burton
En laine et Cachemire
Parfait état, peu porté 
Acheté 329€","Manteaux et vestes","Manteau / Veste / Parka homme laine et Cachemire Burton"
"1579795615-47","https://www.vinted.fr/hommes?page=34","","https://www.vinted.fr/hommes/mocassins-and-chaussures-bateau/390176828-paraboot-neuves-42","","https://images.vinted.net/thumbs/f800/05f6e_WZSnnBcPHQGSwjUJVjEAY9so.jpeg?1578838764-9bf64eb76d58bd23d24b43669c5af501076c5b1b","","https://images.vinted.net/thumbs/f800/04ff6_sp1M7ZoWoMZ21LDdcmFMDEHQ.jpeg?1578838764-f43b418d347addc69ea0c726c49874cc13461845","","https://images.vinted.net/thumbs/f800/056c6_G9LmwSxc4XbsJ3dfdqvgSn5J.jpeg?1578838764-005cc560f09c690b19504ce7744f9c4d8b072222","180,00 €","Paraboot","42","Neuf","marron","Paris, France","Paraboot neuves 42","Vend Paraboot ""Nyons marche II"" neuves, jamais portées, avec boîte d’origine.

Taille 42   

Prix d’origine 380€","Chaussures","Paraboot neuves 42"
"1579795554-26","https://www.vinted.fr/hommes?page=42","","https://www.vinted.fr/hommes/sweats-et-pulls-autres/219773039-gilet","","https://images.vinted.net/thumbs/f800/04c72_CT1HSZoDALXHpvkVCS973m2A.jpeg?1557415830-75a5063922b58e68fd3bc2f2593f7c5cda648c4e","null","","null","","10,00 €","tex man","L","Très bon état","noir","Grainville, France","Gilet","porté une fois","Sweats et pulls","Gilet"
"1579795563-29","https://www.vinted.fr/hommes?page=41","","https://www.vinted.fr/hommes/polos/386552866-polo-lacoste-bleu-claire","","https://images.vinted.net/thumbs/f800/04f2a_3h7SzKq55dTrftAqMP2umzkP.jpeg?1578431484-aeb4f0c4b192400609f8909ea04bbfd83c26e82b","","https://images.vinted.net/thumbs/f800/05979_eiVdM8HVg1YzE8Q2tjoEqheD.jpeg?1578431484-04b798874302ae95ddddb998d9dd8175305550c8","","https://images.vinted.net/thumbs/f800/050c5_4XTfKcNPzx887RygJGNdgn44.jpeg?1578431484-c39e0bd14d092f20bc3c9420a30c2608ef8ec2c3","19,00 €","Lacoste","S","Neuf","bleu, bleu clair","Colmar, France","Polo Lacoste bleu claire","portée 2 fois 
condition 10/10
size S
prix négociable","Hauts & Tee-shirts","Polo Lacoste bleu claire"
"1579795586-37","https://www.vinted.fr/hommes?page=38","","https://www.vinted.fr/hommes/chaussures-autres/366019270-chaussures","","https://images.vinted.net/thumbs/f800/05528_eWKL1TipEJXtmkdU4W3yYjNf.jpeg?1575627176-deadae29cf5541f47d5baf583b7c1607cdb11970","null","","null","","20,00 €","Eram","42","Neuf, avec étiquette","noir","France","chaussures","neuves- prix d'achat 50 €","Chaussures","chaussures"
"1579795590-38","https://www.vinted.fr/hommes?page=37","","https://www.vinted.fr/hommes/chaussures-montantes/391677397-blackstone-am-02-dark-indigo","","https://images.vinted.net/thumbs/f800/06db8_3Kmv2nYGeq6iDBe5WETv7MtT.jpeg?1578948450-05f0a08433ab559338eb9b90eaedc855e7def7bb","","https://images.vinted.net/thumbs/f800/05b54_LwU6gPYrRqWHhY7FsZ2vuFqT.jpeg?1578948450-648b06c8630565ecba95bd2f33f9d14e9bc414ef","","https://images.vinted.net/thumbs/f800/06ada_4poa7c8TLwmoxwApD2HWi7E5.jpeg?1578948450-b2eef0276fd9878d50d6aaf3dfbab4a5e0f2571f","90,00 €","Blackstone","41","Très bon état","marine","France","Blackstone AM-02 Dark Indigo","Chaussures Blackstone portées 2 fois (état neuf), modèle AM-02 Black Indigo (bleu foncé), taille 41. En vente car erreur de pointure.","Chaussures","Blackstone AM-02 Dark Indigo"
"1579795601-42","https://www.vinted.fr/hommes?page=36","","https://www.vinted.fr/hommes/mocassins-and-chaussures-bateau/293859301-mocassins-drivers-en-cuir-kickers-en-43","","https://images.vinted.net/thumbs/f800/035bf_Uhpi7m2r3FdHhtgCYgA68ast.jpeg?1568559688-acd2f53e379f8c53295029662b51953a2678b2b6","","https://images.vinted.net/thumbs/f800/03392_SnnKZwsQZ1VzGivJ1M3f9gw7.jpeg?1568559688-e9d6f1df069502547f02977d82c8b435556a9788","","https://images.vinted.net/thumbs/f800/0363e_wF1fMTPAmwgMtGdikqx5bMq3.jpeg?1568559688-da041ab80efa00e4509f7b7b0f6e1aaf1ddc8913","29,00 €","Kickers","43","Bon état","gris","Arçonnay, France","Mocassins drivers en cuir Kickers en 43","Moczssins drivers en cuir. Semelle spéciale adaptée à la conduite automobile.","Chaussures","Mocassins drivers en cuir Kickers en 43"
"1579795513-11","https://www.vinted.fr/hommes?page=47","","https://www.vinted.fr/hommes/polos/245995806-polo-ralph-lauren-taille-m","","https://images.vinted.net/thumbs/f800/04cd7_ziuKhSaByU29Ghkn8fTEXY4e.jpeg?1561192767-e8b34363acf4a52327fa606c8735c5666119e566","","https://images.vinted.net/thumbs/f800/02b99_1QnXLmkJnKbHT3sK7aNfQwYS.jpeg?1561192767-1830cbc8996dde18315fe143419d50b81b86efe0","","https://images.vinted.net/thumbs/f800/02783_Si7yvEP161AeQGUeR5xp6vco.jpeg?1561192767-31dde836c20a6cce82984ddc73981967d70a2e1d","20,00 €","Ralph Lauren","M","Très bon état","marron, beige","Nice, France","Polo Ralph Lauren taille M","pour plus d’information n’hésitez pas à me contacter","Hauts & Tee-shirts","Polo Ralph Lauren taille M"
"1579795618-48","https://www.vinted.fr/hommes?page=34","","https://www.vinted.fr/hommes/cardigans/382590469-gilet-cardigan-pull-51-laine-lacoste-vintage-annees-90-made-in-france-t6-xl-comme-neuf-rare","","https://images.vinted.net/thumbs/f800/0631f_UkMKrNfKiC1MbXUCbYihS34z.jpeg?1578053348-58df611a226a397952581536944c95ca51d1b61e","","https://images.vinted.net/thumbs/f800/06432_HHSygZf3M4NmEcdpPebNiM5G.jpeg?1578053348-d2ddd294bd97e09718a18a01f1b5afc0bfa6d598","","https://images.vinted.net/thumbs/f800/06907_sbRgexhyJdJumdnJPq9Cx8AN.jpeg?1578053348-8de4020c692e9c75c4993bc4602727c7ceccd664","78,00 €","Lacoste","XL","Neuf","multicolore, marine","Paris, France","Gilet / Cardigan / Pull 51% Laine Lacoste Vintage Années 90 Made in France T.6 (XL) Comme Neuf RARE.","51% Laine 
49% acrylique.
Lacoste gravé sur chaque bouton.
1 bouton de rechange.
Logo entièrement brodé en relief sur la poitrine.
Made in France.
Comme Neuf 
Collector.
RARE.","Sweats et pulls","Gilet / Cardigan / Pull 51% Laine Lacoste Vintage Années 90 Made in France T.6 (XL) Comme Neuf RARE."
"1579795534-18","https://www.vinted.fr/hommes?page=44","","https://www.vinted.fr/hommes/hauts-and-tee-shirts/398255501-haut-de-running-training-nike-dri-fit-rouge","","https://images.vinted.net/thumbs/f800/061de_puQ7yRB8BMziTjEWdfekeo7Q.jpeg?1579617259-1f0ac39ff7930cd33fe775f27b21b5fe35e6e898","","https://images.vinted.net/thumbs/f800/0624b_sRybLgpVuE9xaMvf18hgiwBe.jpeg?1579617259-add6a08e89b661d61b248da75c2391aa4d3a123b","","https://images.vinted.net/thumbs/f800/056f9_HduYUi4xSS5VuPJjLnALwawH.jpeg?1579617259-ad6f1e4c9bfa91ade88476cf45df326f23c04f2a","25,00 €","Nike","S","Très bon état","rouge","Paris, France","Haut de running/ training NIKE Dri-Fit Rouge","Haut NIKE PRO DRI-FIT de running/ training, ajusté, taille S (je fais 1.80 et il me va), léger et ultra-respirant, rouge... très peu porté, quasi neuf !","Vêtements de sport & accessoires","Haut de running/ training NIKE Dri-Fit Rouge"
"1579795567-30","https://www.vinted.fr/hommes?page=40","","https://www.vinted.fr/hommes/t-shirts-imprimes/385883317-t-shirt-y3-adidas","","https://images.vinted.net/thumbs/f800/05488_zuJMQc2dsTMcjACcaJD3kXcj.jpeg?1578344939-f7157b05e7cc4eaa6425b3580fe3f0b62ff59bdd","","https://images.vinted.net/thumbs/f800/04f67_TTgcpXuWKT8tBQu5TiEkLPPk.jpeg?1578344939-08fc5e5dbc153e73aea2c02b7b237fce850f8ce7","","https://images.vinted.net/thumbs/f800/05f0a_NUs1q8PgrCZrUZ6GZL3tPoc5.jpeg?1578344939-ae6d121431761abede37390c883daf4ffac7fce6","80,00 €","Y-3","M","Très bon état","noir","Valence, France","T shirt y3 adidas","légers over size très peu porté","Hauts & Tee-shirts","T shirt y3 adidas"
"1579795609-45","https://www.vinted.fr/hommes?page=35","","https://www.vinted.fr/hommes/sneakers-and-converses/384066676-nike-air-max-sequent-4-taille-44","","https://images.vinted.net/thumbs/f800/06d62_urDuS2suXxNEQ4DgR99x5HQa.jpeg?1578185893-a728d888c3084c45aade5cc80a51415c32258d25","","https://images.vinted.net/thumbs/f800/05fd7_jiSs1pm9SjvT5tFtsStSShoS.jpeg?1578185893-4db8f3393dc79edeaa18d858d5b8b85621d253ef","","https://images.vinted.net/thumbs/f800/04f71_cXWkWChYCUDzcBDp9QYNRRng.jpeg?1578185893-c0fa1aaccd3b47bd39a8846cfc74f213e3655e0f","50,00 €","Nike","44","Très bon état","noir","Uffheim, France","Nike air Max sequent 4 taille 44","Nike air Max sequent 4 taille 44 noir dans un super état, proche du neuf, portées 3x","Chaussures","Nike air Max sequent 4 taille 44"
"1579795552-25","https://www.vinted.fr/hommes?page=42","","https://www.vinted.fr/hommes/sneakers-and-converses/389918509-chaussures-adidas-style-tennis-de-ville","","https://images.vinted.net/thumbs/f800/05f70_t2CAqzh8BLaLWufit9T5Vdg9.jpeg?1578830100-ed477c98f4212bca1cac0437c730ed23294a1e81","","https://images.vinted.net/thumbs/f800/0500d_iY6LTYeEejwuKdcr626PfShX.jpeg?1578830100-03d2afdd7d4b8f7712e63dee736c1317810d6632","","https://images.vinted.net/thumbs/f800/06a5a_mVmKfNCVd96U6f4X3BhtJfEz.jpeg?1578830100-4604a6668ec2d7c0db523c9d172de413b6352c6c","30,00 €","Adidas","38","Très bon état","noir","Malakoff, France","Chaussures Adidas style tennis de ville","Porté une seule fois. Pointure trop petite pour mon fils. 38.1/2 - 
Très joli cuir noir intense","Chaussures","Chaussures Adidas style tennis de ville"
"1579795529-17","https://www.vinted.fr/hommes?page=45","","https://www.vinted.fr/hommes/pulls-et-pulls-a-capuche/395335406-pull-de-la-marque-cos","","https://images.vinted.net/thumbs/f800/05bff_mgTmH15tvJR51nFHoE4JjQ3B.jpeg?1579704972-a0134fb8c36cab4695a438c05602d5707c42154d","","https://images.vinted.net/thumbs/f800/063d4_w7PMpt9QzQ4BGELSYeQ6wZW5.jpeg?1579704972-3a9e7dfb43fe45fc4ec2f38b9fe75145f05ee2bb","","https://images.vinted.net/thumbs/f800/06be5_E6wJJj6RGjL2Po4iGVagEfU4.jpeg?1579704972-0cf8089d8dc39f8880ff17541cb42f0bbbc35e88","30,00 €","COS","L","Neuf","beige","France","Pull de la marque Cos","A vendre un joli pull en forme très classique de et  la marque COS en 100% laine couleur beige","Sweats et pulls","Pull de la marque Cos"
"1579795561-28","https://www.vinted.fr/hommes?page=41","","https://www.vinted.fr/hommes/pulls-ras-de-cou/397982139-pull-lacoste-laine","","https://images.vinted.net/thumbs/f800/0566e_CQuSqy4sGDrSLrqYMmdaWUQt.jpeg?1579598826-563518f4be6de9ce20f44db2880230aa6dbafa71","","https://images.vinted.net/thumbs/f800/062e5_v3cpkw9SYAwB2H2r8DHMjkEY.jpeg?1579598826-8cd38086675eeb765cba51d27a2e50832d908707","","https://images.vinted.net/thumbs/f800/06c7c_cnBK5kCtbbgucUmHurD3urhn.jpeg?1579598826-9baf681508a472aae6a77d57053ef186d4480628","20,00 €","Lacoste","XL","Très bon état","rouge","Fontenay-sous-Bois, France","Pull lacoste laine","Porté quelques fois","Sweats et pulls","Pull lacoste laine"
"1579795622-50","https://www.vinted.fr/hommes?page=34","","https://www.vinted.fr/hommes/vetements-dexterieur/392134545-blouson-furygan-warrior","","https://images.vinted.net/thumbs/f800/070d1_GRCz131sbYYZZ8z81atSNEc7.jpeg?1579014066-6d0c9e746ab0d8864ba5f8e64feeb9c53ab4ccdc","","https://images.vinted.net/thumbs/f800/059f4_o2Z9H2RbeewkEeWY5i5Yj86t.jpeg?1579014066-86ada7945f3562ea7340b6e243998683f43c30c0","","https://images.vinted.net/thumbs/f800/05d31_iZik75ypsTVdZrbVsZ3QBBih.jpeg?1579014066-5e22020bf7fef79a11cbb59e68e7e8561efa1aad","60,00 €","furygan","XL","Très bon état","noir","Le Mesnil-le-Roi, France","Blouson furygan Warrior","acheter y’a 2 ans 370€ 
vendu actuellement 222€ 
taille L mais convient à une L 
en très bon état hormis un bout de tirette niveau poignet cassé mais la fermeture fonctionne parfaitement 
le blouson sera lavé avant l envois 
protection codes et épaules 
jamais accidenté ni tomber 
vraiment en excellent état 
envois rapide et soigné 
possibilité une remise en main propre sur paris ou proche à convenir avec l acheteur","Vêtements de sport & accessoires","Blouson furygan Warrior"
"1579795571-32","https://www.vinted.fr/hommes?page=40","","https://www.vinted.fr/hommes/pantalons-de-costume/398275024-pantalon-asos","","https://images.vinted.net/thumbs/f800/04efc_LEfvKcAHVqqN7QXTmVr7QeTv.jpeg?1579618370-709b94c7b6fe193166bdbaa112596ab1018b7c99","","https://images.vinted.net/thumbs/f800/05271_8Vz6CoZa5DfY3ekdqJdxXgxs.jpeg?1579618370-29eafb1da110cafe93dfc614d1fc08ce9c19e066","","https://images.vinted.net/thumbs/f800/05f00_1tHeg39bggtCKUz899dNcyeS.jpeg?1579618370-82d25e225acb925dfe3afd515322b2676d87d097","40,00 €","ASOS","S","Neuf, avec étiquette","noir, marron","Dijon, France","Pantalon ASOS","jamais porté 
il va super bien 
prix négociable","Costumes & blazers","Pantalon ASOS"
"1579795492-3","https://www.vinted.fr/hommes?page=49","","https://www.vinted.fr/hommes/vestes-en-cuir/380525333-veste-en-cuir-homme","","https://images.vinted.net/thumbs/f800/06a11_ycSj4jrueuf8uzMY1vYi6wyM.jpeg?1577718262-9c1a0fc32edc0fd1d1d6d00dcd004ed120834f17","","https://images.vinted.net/thumbs/f800/06892_6weR5DLkMQqFSvioDqGNxJy5.jpeg?1577718262-6347364d9f0000489831bc180779260a08632cac","","https://images.vinted.net/thumbs/f800/05dc5_w4HNGr1TEzmHe7MVHzY7vqH9.jpeg?1577718262-9909d5418e2f6559871d6462e713b97ec5c008b1","20,00 €","Buxter leather","XL","Satisfaisant","noir","Bucey-en-Othe, France","Veste en cuir homme","Veste cuir homme,  usure au niveau des poignets,  de la poche poitrine droite et sur fermeture en bas devant","Manteaux et vestes","Veste en cuir homme"
"1579795594-40","https://www.vinted.fr/hommes?page=37","","https://www.vinted.fr/hommes/pulls-dhiver/351257115-pull-sweat-half-zip-100-pure-laine-vierge-lacoste-vintage-annees-90-made-in-france-xl-xlxxl","","https://images.vinted.net/thumbs/f800/058c6_kinGt7jWY7bF8ndDtXpLx6De.jpeg?1574000872-2e71face9ac2fab6af60b616aaac6bce0a2c283f","","https://images.vinted.net/thumbs/f800/05c96_oMP5F2vU8Z8PNCouLiHGEneo.jpeg?1574000873-f83c384a0c4996a8d1ad9ad678888e544d0f2e56","","https://images.vinted.net/thumbs/f800/068f9_fgAfUaUexY11j1YLDpCYY7p7.jpeg?1574000873-a39fc1ad96af7d6b3176d0ba6213a788d23466c7","86,00 €","Lacoste","XL","Très bon état","rouge","Paris, France","Pull Sweat Half Zip 100% Pure Laine Vierge Lacoste Vintage Années 90 Made in France XL (xl/xxl).","Inscrit Taille 7 sur l'étiquette mais taille comme XL (XL/XXL). Voir photo portée sachant que je mesure 1m68.
100% Pure Laine Vierge.
Half Zip à boutons.
3 boutons au col.
1 bouton de rechange.
Lacoste gravé sur chaque bouton.
Logo entièrement brodé en relief sur la poitrine.
Made in France.
Comme Neuf 
Collector.
RARE.","Sweats et pulls","Pull Sweat Half Zip 100% Pure Laine Vierge Lacoste Vintage Années 90 Made in France XL (xl/xxl)."
"1579795496-4","https://www.vinted.fr/hommes?page=48","","https://www.vinted.fr/hommes/polos/391952487-tommy-hilfiger-polo","","https://images.vinted.net/thumbs/f800/0578e_CMByuDqWCFq3M3mwj4kBQKCT.jpeg?1579002874-a27945353120114fcfd6a407c7c11754fcb83853","","https://images.vinted.net/thumbs/f800/06979_7arkQtDezUkLW3GzpxXUccNc.jpeg?1579002874-50fa1b3f142e2df78aeec9c882d7b48307f39909","","https://images.vinted.net/thumbs/f800/057c6_jBuJCi9tug77EzQPGjDW3S7c.jpeg?1579002874-89af85eb4fde6e4591d85a0ea45c6bf8144a3c3c","10,00 €","Tommy Hilfiger","S","Très bon état","jaune, bleu","Zwolle, Nederland","Tommy Hilfiger Polo","weinig gedragen Tommy Hilfiger Polo
maat : S","Hauts & Tee-shirts","Tommy Hilfiger Polo"
"1579795575-33","https://www.vinted.fr/hommes?page=39","","https://www.vinted.fr/hommes/sneakers-and-converses/395294008-nike-element-55","","https://images.vinted.net/thumbs/f800/05c21_sjQdg6tofaUu3fbodGs65xzD.jpeg?1579360161-8a4fa4192640ae1509e886520ab14afdc3f39e6b","","https://images.vinted.net/thumbs/f800/064cb_cBp565J2tWSU8mwGD2JMaq2D.jpeg?1579360161-e0d758384369a6984d0e3598dc208fa744b39d52","","https://images.vinted.net/thumbs/f800/05c19_mVh6fqrxzJtR2a3tAVQgujwe.jpeg?1579360161-f2522b1039b9daa40188db8bd49921244ebc44f6","50,00 €","Nike","42","Très bon état","noir","France","Nike Element 55","Je vends mes Nike Element 55 (taille 42) acheté cet été car je ne les ai mise seulement 2 fois. Au lieu de les laisser pourrir dans mon placard j’ai décidé de les vendre. Malheureusement je n’ai pas gardé la boîte mais ce sont des authentiques.
L’état des chaussures est impeccable ✅

Pour plus d’informations n’hésitez pas à envoyer un message 😉

#nike #element55 #sneakers #basket","Chaussures","Nike Element 55"
"1579795521-14","https://www.vinted.fr/hommes?page=46","","https://www.vinted.fr/hommes/jeans-coupe-droite/396067140-jeans-homme-ou-ado","","https://images.vinted.net/thumbs/f800/06ece_fvjWiDD4kMHxSoxEDfrUTYTb.jpeg?1579436665-d24faf7c33b37327f280e9598df5c5d493a20fa4","","https://images.vinted.net/thumbs/f800/052cc_zs6yPe9iR9zwSbhA8Aa8jktS.jpeg?1579436665-1b0ff01ce84a10ec53b7d537bf634c7be16d2c49","","https://images.vinted.net/thumbs/f800/07515_WKV7rkYQ8KZatffJKcFEXw79.jpeg?1579436665-d2707501eab15900fd53c9e71ca9a6b73f5b0548","8,00 €","G Star","XS","Très bon état","bleu, marine","Nivelles, Belgique","Jeans homme ou ado","Porte que 2 fois excellent état","Pantalons","Jeans homme ou ado"
"1579795538-20","https://www.vinted.fr/hommes?page=44","","https://www.vinted.fr/hommes/sneakers-and-converses/397483622-basket-adidas-originals","","https://images.vinted.net/thumbs/f800/062bb_Npy7KiHKpGHQiXi3VoqoTSdR.jpeg?1579532234-dbfb0d79377aabbd8c7e628c612bd03f868b64b4","","https://images.vinted.net/thumbs/f800/056a6_As1bvRL3efkahrygz4AZsvXE.jpeg?1579532234-eed33aa59e8a556664044eef0bb7cd3444d837c2","","https://images.vinted.net/thumbs/f800/06bee_j1wrtbqVt2zsY1z8hqfUrHy2.jpeg?1579532234-13e10dbcbcf79ff824463ca7c78ecb5097f1bc11","60,00 €","Adidas","43.5","Neuf, avec étiquette","gris, bordeaux","Orgeval, France","Basket Adidas Originals","Belle paire neuve Adidas Originals avec étiquette jamais portée .
Grise.","Chaussures","Basket Adidas Originals"
"1579795519-13","https://www.vinted.fr/hommes?page=46","","https://www.vinted.fr/hommes/bottines/365738247-superbe-bottines-blanches-timberland-unisexe-taille-45-11-uk-neuves","","https://images.vinted.net/thumbs/f800/058df_84KCSHKeN2pTUtdZkqeRYqMP.jpeg?1578565311-5c83a11fa734a98832bcc32e480d912b9cf3ea8f","","https://images.vinted.net/thumbs/f800/074f6_U2PycP4mGTeoTKMfHtDcPacc.jpeg?1578565311-584279cad7ef992b2360675674946beaf23ffcb5","","https://images.vinted.net/thumbs/f800/04fd4_9iPKXMJ4CXjdUBUgrJooPbVJ.jpeg?1578565311-cc7186e6f49b29fa1395966d8b46ca71a315974d","39,00 €","Timberland","45","Neuf","blanc, doré","Paris, France","Superbe bottines blanches Timberland unisexe taille 45 (11 UK) neuves","Superbe bottines blanches Timberland unisexe taille 45 (11 UK) neuves - vintage années 90 mais jamais portées - Envoi rapide et soigné par vendeur sérieux et méticuleux","Chaussures","Superbe bottines blanches Timberland unisexe taille 45 (11 UK) neuves"
"1579795546-23","https://www.vinted.fr/hommes?page=43","","https://www.vinted.fr/hommes/lunettes-de-soleil/381639422-lunettes-de-soleil-ray-ban","","https://images.vinted.net/thumbs/f800/053f3_n2kQspd5zRZwW1bMDUpGhyNE.jpeg?1579458105-1eaed85d4470d6e24fdfaf1e3d5c588d83b844a0","","https://images.vinted.net/thumbs/f800/0716d_6c3TCtiaTFvqUesfLhcMRvqt.jpeg?1579458105-324316509e4b60a22deeca2cce8ea353be65b334","","https://images.vinted.net/thumbs/f800/06ada_7i3oR7QjYT8XC9bx3nv9H2dJ.jpeg?1579458105-3996e36a60859a95941823cda0ae9494fd741f00","25,00 €","Ray Ban","Satisfaisant","Satisfaisant","bleu","Carte bancaire, PayPal","Lunettes de soleil Ray Ban","Lunettes de soleil Ray-Ban. Originaux optiques. Pour toutes questions me consulter. Je vous remercie","Accessoires","Lunettes de soleil Ray Ban"
"1579795607-44","https://www.vinted.fr/hommes?page=35","","https://www.vinted.fr/hommes/sneakers-and-converses/399057344-yeezy-350-cloud-white","","https://images.vinted.net/thumbs/f800/069f5_b1tMgfmebzzCv6JtgewktJTc.jpeg?1579704499-a54bcaa769c18e3819831b7003bfc87191b93995","null","","null","","260,00 €","Adidas","45","Neuf, avec étiquette","turquoise, blanc","France","Yeezy 350 - Cloud White","Yeezy 350 - Cloud White, Taille 45, état neuf avec étiquette + facture a l’appuie.","Chaussures","Yeezy 350 - Cloud White"
"1579795500-6","https://www.vinted.fr/hommes?page=48","","https://www.vinted.fr/hommes/manteaux-en-laine/399834880-wolle-winterjas-van-soc13ty-shop","","https://images.vinted.net/thumbs/f800/073db_pyjJ7nqEFfXGatJLz3dbK6eD.jpeg?1579790830-9b5a3f9ff3fc3bd368b1a3be19ef44be8aee8c89","","https://images.vinted.net/thumbs/f800/06528_Zgh38bd3Qu1x7wt2VTTTVFQm.jpeg?1579790830-36b8d832cf284f585f64b215a78021de71211468","","https://images.vinted.net/thumbs/f800/051dc_Ti7Gdg7ZyicGzFeB7spDszLj.jpeg?1579790830-83167f201723bfe1873c397d997b5b629976c5d8","200,00 €","The Soc13ty shop","M","Très bon état","noir, gris","Nederland","Wolle winterjas van Soc13ty shop","Erg mooie wolle winterjas van wol. Deze jas is alleen de afgelopen winter gedragen. Bij deze jas heb je de mogelijkheid om een wind dichte binnenvoering er in te risten, bij wat mooier weer kun je hem er gemakkelijk weer uit ritsen. de jas heeft 2 grote zakken aan de voor zijde, en aan de binnenkant heeft hij 2 grote binnenzakken. Prijskaartje is nog aanwezig. 
Maat: 50/M. 
Kleur: antraciet 
Nieuw: €499,95","Manteaux et vestes","Wolle winterjas van Soc13ty shop"
"1579795487-1","https://www.vinted.fr/hommes?page=49","","https://www.vinted.fr/hommes/vestes-en-duvet/397299438-veste-goretex-technique-chaude-millet-homme-m","","https://images.vinted.net/thumbs/f800/053bd_gthVYrByDTC6WSr7H5LhthLA.jpeg?1579522477-f759cdaba35cbd680f697271fa0a85d33c53c746","","https://images.vinted.net/thumbs/f800/051ac_e6QABiMNfb3cecbS9MhST8KY.jpeg?1579522477-9e0b330de6de9f545def5f2608012f354daf481c","null","","350,00 €","millet","M","Neuf, avec étiquette","marine","Cormelles-le-Royal, France","Veste GoreTex technique chaude Millet - Homme M","Veste GoreTex technique chaude Millet Neuve taille M [Originale Millet FUSION GTX INFINIUM JKT M] avec étiquette pour les activités outdoor, alpinisme, randonnée, approche, ski ou escalade.

Prix NEUF avec étiquette (499,99€) - Je la mets en vente pour 350€.
Taille correctement et n'a jamais servie.

Voici la description technique du site Millet


Caractéristiques

signature gore tex infinium soudé, windstopper et chaud avec isolation powerfill
capuche alpinisme compatible casque, réglable 3d, avec visière protectrice
fermeture zip cental double curseur, bas et poignets ajustable
2 poches mains hautes zippées
jupe pare neige amovible avec pattes de liaison pantalon

Matieres

matière principale : gore-tex®infinium windstopper fusion 2l // 100% polyamide 6.6 // respirabilité ret < 6 m²pa/w
isolation : polartec® powerfill 135 insulation recycled // 80% polyester recycle 20% polyester
doublure : ultralight downproof // 100% polyamide

----
Par conditions ventées et par grand froid, la matière imperméable et coupe-vent GORE-TEX® 2L de la doudoune d'alpinisme FUSION GTX INFINIUM JKT M repousse les éléments, tandis que son isolation POLARTEC® POWERFILL préserve votre chaleur. Cette veste montagne technique à des coutures soudées, pour maintenir l’humidité à l’écart lorsque vous bataillez contre le mauvais temps, ainsi qu’une capuche compatible casque, réglable et dotée d’une visière protectrice. Véritable armure contre les aléas météo, elle est pourvue d’une jupe pare-neige amovible, pour garantir votre confort, même lorsque vous avez de la poudreuse jusqu’à la taille.","Manteaux et vestes","Veste GoreTex technique chaude Millet - Homme M"
"1579795603-43","https://www.vinted.fr/hommes?page=36","","https://www.vinted.fr/hommes/course/395464437-nike-zoom-vomero","","https://images.vinted.net/thumbs/f800/0616c_W8D7Px8XVNgDS4inUfrACnHe.jpeg?1579368557-22cad696dfa4561ee38a9b5c328e32538c535b80","","https://images.vinted.net/thumbs/f800/074be_ejAtwTQn9j2QgVgAsYj15vni.jpeg?1579368557-258124b922615bfbb924d7d0be95aa6362460835","","https://images.vinted.net/thumbs/f800/0529e_apoaTeJeTJwo5U89F1MyUEuj.jpeg?1579368557-220bf7299cc766bafad4fd9d7893365fcc973a02","90,00 €","Nike","43","Neuf","gris, blanc","Morlaix, France","Nike zoom vomero","Jamais porté, acheté 140€","Chaussures","Nike zoom vomero"
"1579795599-41","https://www.vinted.fr/hommes?page=36","","https://www.vinted.fr/hommes/sandales/395153088-claquettes-nike","","https://images.vinted.net/thumbs/f800/0590f_GGHwgXj4RsHGSp7Nk6fotzUA.jpeg?1579354014-6d6ed921ec0a8f4af6b5451680b34e0110de23c9","","https://images.vinted.net/thumbs/f800/04ff1_esXNAj4BvQZ3LppkuxvbDeNu.jpeg?1579354014-6bd6e4d9e8532a300b76cdb0626bd7f5cf8a1c15","null","","15,50 €","Nike","41","Neuf","noir, blanc","France","Claquettes nike","claquettes toutes neuve, jamais porté, taille 40,5","Chaussures","Claquettes nike"
"1579795611-46","https://www.vinted.fr/hommes?page=35","","https://www.vinted.fr/hommes/sneakers-and-converses/389452206-nike-shox-r4-neymar-taille-43","","https://images.vinted.net/thumbs/f800/0691a_SxpZEWyP6VaSUAndH2xdYmc9.jpeg?1578768945-577f124b9bf9362b031e8250f2faf9e81890475a","","https://images.vinted.net/thumbs/f800/05f9a_hQ149bqkVRjJMAg1wDF3ffju.jpeg?1578768945-24ba39827cccc920aded22abb5b4c783d4f35f2a","","https://images.vinted.net/thumbs/f800/064b2_RM1JX6hNzw1CnXuVLCR4EToj.jpeg?1578768945-c5b5becff8abaca18db3c15322fd8ac9b366db46","80,00 €","Nike","43","Neuf, avec étiquette","rouge, crème","Uffheim, France","Nike shox R4 Neymar taille 43","Nike shox R4 collection Neymar taille 43 neuves en taille 43, vendues avec
la boîte, authentiques","Chaussures","Nike shox R4 Neymar taille 43"
"1579795624-51","https://www.vinted.fr/hommes?page=34","","https://www.vinted.fr/hommes/exterieur-and-randonnee/330305044-puma-suede-405","","https://images.vinted.net/thumbs/f800/02f69_ETdFEEtVoqAR8TpPKkd8b3cs.jpeg?1572030166-59bd3942619fab4edc39cc894ac5b417333d276a","","https://images.vinted.net/thumbs/f800/02cf4_gAQ6KLfktgtkADpWcVQT9X9F.jpeg?1572416220-d523ada1d6bd5413b4aa19b3f5beb99d00ca5bf6","","https://images.vinted.net/thumbs/f800/03059_geCcEC27FrHw7CwpC8Y7HMnw.jpeg?1572416220-63c55091b6544e986f41b06063b757c82631f78c","25,00 €","Puma","40","Neuf, avec étiquette","rouge","Mairena del Aljarafe, España","Puma Suede 40.5","Nuevo.Talla 40.5","Chaussures","Puma Suede 40.5"
"1579795582-35","https://www.vinted.fr/hommes?page=38","","https://www.vinted.fr/hommes/blousons-aviateur/392019866-blouson-homme","","https://images.vinted.net/thumbs/f800/04e4a_wH4PMufo24epfTa83o5E9v4R.jpeg?1579007454-4c7c07a56ff87e032267ab9fc7f8ec9524fb6ff2","","https://images.vinted.net/thumbs/f800/064a6_xax1BrzjfAdy51NTCWjEAg6K.jpeg?1579007454-d4947a49f69beef79050ccc3070410022cbd97bf","","https://images.vinted.net/thumbs/f800/06ab5_53rqTG1c5FhUH157GAEEGzaV.jpeg?1579007454-9aa068fa4ca90aaabc60d6533ffd9bf507121216","20,00 €","Kamora","L","Neuf, avec étiquette","kaki","Port Leucate, France","Blouson homme","blouson homme marque Kamora 
taille L","Manteaux et vestes","Blouson homme"
"1579795536-19","https://www.vinted.fr/hommes?page=44","","https://www.vinted.fr/hommes/autres/393601906-combinaison-de-ski-homme-xl","","https://images.vinted.net/thumbs/f800/06841_kjxUYueLCLhCDqpoYgNg75fQ.jpeg?1579178473-f44b0aa32d00f1c96e8bc40190e7c4f3c22d40c6","","https://images.vinted.net/thumbs/f800/06693_oNCJHs75Lko34YcHSTybF9DS.jpeg?1579178473-41fd3f2158829ec5f7a53ae8975413a96fe23aee","","https://images.vinted.net/thumbs/f800/0690d_hEZCY2gLndLhmCiCKK6kWrbt.jpeg?1579178473-ee49ee940e517bf214488b2a3ed7f596369825a9","30,00 €","quechua","XL","Très bon état","gris","Luçon, France","Combinaison de ski homme XL","Très confortable et très chaude mais matière respirante; soufflets avec fermeture éclair sous les aisselles pour évacuer la transpiration; nombreuses poches avec zip; grande taille: longueur des jambes 77 cm, du buste 76 cm. Achetée 160€.","Vêtements de sport & accessoires","Combinaison de ski homme XL"
"1579795559-27","https://www.vinted.fr/hommes?page=41","","https://www.vinted.fr/hommes/sneakers-and-converses/367291017-nike-sb","","https://images.vinted.net/thumbs/f800/06175_yyzow4PuSXkbjH1E1CTknpAa.jpeg?1575795899-23d587831c6c6db9c8a28f0fa34b30ef5c8dd22f","","https://images.vinted.net/thumbs/f800/05334_LtuLXgcb3GQtDYuMHwCu4K6L.jpeg?1575795899-28091530fcdce319473417dce72aa9d5e23e6175","","https://images.vinted.net/thumbs/f800/06c8d_BTZpQw8Kt83jWQTky1Dkqcp9.jpeg?1575795899-118fc420e4c7127da62a3a015ddf67f199bf5cef","80,00 €","Nike","42.5","Très bon état","multicolore","Tarbes, France","Nike Sb","Nike Janoski Digital Floral
Pointure 42,5
Boîte d’origine
Chaussée 2 fois
Paire en excellent état.
Aucun défaut.","Chaussures","Nike Sb"
"1579795504-8","https://www.vinted.fr/hommes?page=48","","https://www.vinted.fr/hommes/sneakers-and-converses/398038369-zapatillas-nuevas","","https://images.vinted.net/thumbs/f800/05bab_pqBdngccWsCt1uA3JnxTTz2T.jpeg?1579602798-a394b1b18b141abd0a3e98797d840f44d5a97ecc","","https://images.vinted.net/thumbs/f800/0649c_YEGZa8Do4j27RLpqyfoNvsja.jpeg?1579602798-35e256a151e6f8d7f285abc152f4f938e2f1cc0c","","https://images.vinted.net/thumbs/f800/0675d_hDttETNk1W9LMpudtTVE9Vqs.jpeg?1579602798-d4dae4787ac604fd82cee89262ff648941f8707a","15,00 €","Reebok","40","Neuf","vert","Madrid, España","Zapatillas nuevas","reebook","Chaussures","Zapatillas nuevas"
"1579795544-22","https://www.vinted.fr/hommes?page=43","","https://www.vinted.fr/hommes/trench-coats/390941843-mackintosh-kaki","","https://images.vinted.net/thumbs/f800/07429_28BDseTGYet6pBidMm7xRjGb.jpeg?1578875045-698c978bb629088c710d94da484fad8991791e3e","","https://images.vinted.net/thumbs/f800/05dd1_h4g9dSANFzaWYMjPFRvUYj9v.jpeg?1578875045-c9ac10004c35e414df34e1fa005e24df52ff257e","","https://images.vinted.net/thumbs/f800/05158_xMdqeSuMTp6XyCd8amRE5Dpx.jpeg?1578875045-6c812421007a185c28e73af8cb3d2173b1491bc1","325,00 €","Mackintosh","S","Bon état","kaki","Bordeaux, France","mackintosh kaki","vrai mackintosh avec capuche détachable taille 38
vendu avec un bouton principal neuf d’origine        ........ apc ami trench","Manteaux et vestes","mackintosh kaki"
"1579795527-16","https://www.vinted.fr/hommes?page=45","","https://www.vinted.fr/hommes/vetements-dexterieur/398264595-veste-coupe-vent-kappa-neuve","","https://images.vinted.net/thumbs/f800/0629b_fdgwZ1xciPaXnLRZ2jcpUJ7j.jpeg?1579617774-5f9d15f92a1216ea952065d204fab0d38579f5cf","","https://images.vinted.net/thumbs/f800/06b73_JvNCqPB9Z3GCoGSrweTtxwvY.jpeg?1579617774-968d8cfd9ef324d3632d3a85fe7a0319e7057ea1","","https://images.vinted.net/thumbs/f800/06c08_rsfJmngVKSsspqDWWWSqtJUA.jpeg?1579617774-6cfe6ed6ace2d88bfc0bb90e6868649e14abcbac","16,00 €","Kappa","L","Neuf","marine","Saint-Herblain, France","Veste coupe vent kappa neuve","Jamais porté :)","Vêtements de sport & accessoires","Veste coupe vent kappa neuve"
"1579795550-24","https://www.vinted.fr/hommes?page=42","","https://www.vinted.fr/hommes/vestes-legeres/348698151-veste-marieclaudepantin-homme","","https://images.vinted.net/thumbs/f800/050ca_Md2hJByDpuvfAV4Y8UvPiRz9.jpeg?1579359532-805b22dee748f6473fb35e7c1910b6c299593839","","https://images.vinted.net/thumbs/f800/0629b_afxuhpkf6L8fMfia14PZZbnw.jpeg?1579359532-f8829b10ba2fea390f89624c50e536d6bfbe660e","null","","20,00 €","Balafre","M","Très bon état","crème","Magny-en-Vexin, France","Veste # marieclaudepantin  homme","Veste # marieclaudepantin '50% polyester,40%viscose,10% lin ,col mao doublure 100% viscose
Hauteur de la  veste 78 cm long manche  60cm","Manteaux et vestes","Veste # marieclaudepantin  homme"
"1579795542-21","https://www.vinted.fr/hommes?page=43","","https://www.vinted.fr/hommes/manteaux-en-laine/398237817-manteau-claudie-pierlot-taille-40","","https://images.vinted.net/thumbs/f800/06cda_SucWPH4c8ws6pVWCe7ypnAEf.jpeg?1579616261-932caa29145d2c7ad8704c51700fb7a8362668eb","","https://images.vinted.net/thumbs/f800/0566c_HPFG2G1QwL69toaNPBUNpWPM.jpeg?1579616261-81c240aa086f489740b7befe762769b9c9c8e49a","","https://images.vinted.net/thumbs/f800/0582c_3qwhGeey2cSr6st56wFksmgG.jpeg?1579616261-1a5d1e6e98608b818214103bbae8efb74b61aec9","110,00 €","CLAUDIE PIERLOT","L","Très bon état","bordeaux","Pontault-Combault, France","Manteau claudie pierlot taille 40","manteau claudie pierlot taille 40","Manteaux et vestes","Manteau claudie pierlot taille 40"
"1579795525-15","https://www.vinted.fr/hommes?page=45","","https://www.vinted.fr/hommes/hauts-and-tee-shirts/396318936-maillot-david-villa-fc-barcelone-201011","","https://images.vinted.net/thumbs/f800/05082_fwhuBBz6TKTwjdw8o3nCHpdt.jpeg?1579444457-88b6cdc59561740eeee6bb6d33bbcdfe1e463138","","https://images.vinted.net/thumbs/f800/05656_T9eExqoWh52hCwAB7WWp6NMQ.jpeg?1579444457-89929b8916a785f8e35bee2d1ada6b09fd247c06","","https://images.vinted.net/thumbs/f800/05c6c_jSwruEiC4zf1Uuk3ULxxevE9.jpeg?1579444457-19ce3e48f1e2f85744cfb9e2e4cb3cc14b2ed16a","35,00 €","Nike","L","Bon état","rouge, bleu","France","Maillot David Villa FC Barcelone 2010/11","Maillot de David Villa au FC Barcelone saison 2010/2011. Maillot en très bon état, légère usure du flocage (visible photo 3)","Vêtements de sport & accessoires","Maillot David Villa FC Barcelone 2010/11"
"1579795517-12","https://www.vinted.fr/hommes?page=46","","https://www.vinted.fr/hommes/exterieur-and-randonnee/381391440-chaussures-ski-alpin","","https://images.vinted.net/thumbs/f800/07422_YKCvrZfYMezJNz9roaLTiaTe.jpeg?1579691375-246bf9c4d2f0bbb6677349c46005f2667a685cd4","","https://images.vinted.net/thumbs/f800/054dc_WdVquwtqTRGGUoYZM1DL8dk1.jpeg?1579691375-3021b472f0b725f211772cae97c8ecba5728b39a","","https://images.vinted.net/thumbs/f800/05ab5_oPaqt7gJNPTJUT1pkmo9Amsy.jpeg?1579691375-6592a1734168f39e104da6397a578f056a0556a7","38,00 €","Head","40","Bon état","gris","Falletans, France","Chaussures ski alpin","très bon état quelques rayures mais peu portées","Chaussures","Chaussures ski alpin"
"1579795502-7","https://www.vinted.fr/hommes?page=48","","https://www.vinted.fr/hommes/autre/399825390-camiseta-espana-m-mundial-2018","","https://images.vinted.net/thumbs/f800/0688a_yXzkHB3m5meA3JkmEK7ViS6H.jpeg?1579790254-760c5f3fc41e1caf353fd9611af58a89a72fb67a","","https://images.vinted.net/thumbs/f800/06e64_LNEQkzRTq8dH93WCvqRBS91X.jpeg?1579790254-c1a2739d315a7cd56376f5c0a15d2ac79620059d","","https://images.vinted.net/thumbs/f800/04e27_7FHv7YDjgYHxDBjxYP4DLmdP.jpeg?1579790254-150980a86e6c6751d5b703cd73afd2afffd06126","50,00 €","Adidas","M","Très bon état","rouge","España","Camiseta España M Mundial 2018","Camiseta de la Selección Española ORIGINAL para el mundial de Rusia 2018, talla M
Usada para el mundial Rusia 2018 y temporada 2019. Reliquia para un coleccionistas
Original de la tienda de la Federación 
Prácticamente está nueva, solo fue usada 5 veces o menos","Hauts & Tee-shirts","Camiseta España M Mundial 2018"
"1579795569-31","https://www.vinted.fr/hommes?page=40","","https://www.vinted.fr/femmes/soins-du-visage/270087135-lancome-absolue-eye","","https://images.vinted.net/thumbs/f800/035f3_Yd4dkZNsXjerbKDyAxP1926M.jpeg?1565615069-ae3ac2106775b05e30597adbb30b88d269bc2352","","https://images.vinted.net/thumbs/f800/028e0_XbL4iZtaen5sthYCEnCUBWVV.jpeg?1565615069-5a82f414f4626d6b878a550c53ec378aa7ecdd15","","https://images.vinted.net/thumbs/f800/05d1f_XdYuYtavXPjJHVXkc41kjE5L.jpeg?1579446495-bba5a8077ed26a45d5912500df185f7da19da419","70,00 €","Lancôme","Neuf, avec étiquette","Neuf, avec étiquette","null","96","Lancôme Absolue Eye","""ABSOLUE EYE"" de Lancôme. Anti-âge les dessous des yeux.
Parfait pour lutter contre les cernes. De jours en jours vous verrez vos poches et vos cernes diminués.
.je l'ai acheté une centaine d'euros, mais c'étais sur un coup de tête...au final je ne l'utilise pas..","Beauté","Lancôme Absolue Eye"
